-- GuestSchedule 데이터 삽입
INSERT INTO guest_schedule (id, name, start_date, end_date)
VALUES (1, '정기회의', '2024-07-29 00:00:00', '2024-08-04 00:00:00'),
       (2, '정기회의', '2024-07-31 00:00:00', '2024-08-05 00:00:00'),
       (3, '휴가날짜잡기', '2024-08-28 12:00:00', '2024-09-02 01:00:00');

-- Guest 데이터 삽입
INSERT INTO guest (id, guest_schedule_id, nickname, password)
VALUES (1, 1, '김민우', 'password1'),
       (2, 1, '김수현', 'password2'),
       (3, 1, '이채림', 'password3'),
       (4, 1, '구예진', 'password4'),
       (5, 2, '김민우', 'password1'),
       (6, 2, '김수현', 'password2'),
       (7, 2, '이채림', 'password3'),
       (8, 2, '구예진', 'password4'),
       (9, 3, '김민우', 'password1'),
       (10, 3, '김수현', 'password2'),
       (11, 3, '이채림', 'password3'),
       (12, 3, '구예진', 'password4');

-- GuestScheduleRecord 데이터 삽입
INSERT INTO guest_schedule_record (id, guest_id, guest_schedule_id, start_date, end_date)
VALUES (1, 1, 1, '2024-08-03 13:00:00', '2024-08-03 15:00:00'),
       (2, 1, 1, '2024-07-30 00:00:00', '2024-07-30 03:00:00'),
       (3, 1, 1, '2024-08-03 06:00:00', '2024-08-03 08:00:00'),
       (4, 1, 1, '2024-07-29 19:00:00', '2024-07-29 21:00:00'),
       (5, 1, 1, '2024-08-01 21:00:00', '2024-08-01 23:00:00'),
       (6, 1, 1, '2024-07-29 23:00:00', '2024-07-30 01:00:00'),
       (7, 1, 1, '2024-07-30 14:00:00', '2024-07-30 17:00:00'),
       (8, 1, 1, '2024-08-01 08:00:00', '2024-08-01 11:00:00'),
       (9, 1, 1, '2024-07-30 17:00:00', '2024-07-30 18:00:00'),
       (10, 1, 1, '2024-07-31 16:00:00', '2024-07-31 17:00:00'),
       (11, 2, 1, '2024-08-03 01:00:00', '2024-08-03 02:00:00'),
       (12, 2, 1, '2024-08-03 22:00:00', '2024-08-04 00:00:00'),
       (13, 2, 1, '2024-07-30 04:00:00', '2024-07-30 05:00:00'),
       (14, 2, 1, '2024-08-02 20:00:00', '2024-08-02 23:00:00'),
       (15, 2, 1, '2024-08-01 09:00:00', '2024-08-01 11:00:00'),
       (16, 2, 1, '2024-08-01 02:00:00', '2024-08-01 03:00:00'),
       (17, 2, 1, '2024-08-02 08:00:00', '2024-08-02 11:00:00'),
       (18, 2, 1, '2024-07-29 22:00:00', '2024-07-29 23:00:00'),
       (19, 2, 1, '2024-07-31 06:00:00', '2024-07-31 08:00:00'),
       (20, 2, 1, '2024-08-02 16:00:00', '2024-08-02 19:00:00'),
       (21, 3, 1, '2024-08-01 00:00:00', '2024-08-01 01:00:00'),
       (22, 3, 1, '2024-07-31 19:00:00', '2024-07-31 22:00:00'),
       (23, 3, 1, '2024-07-31 17:00:00', '2024-07-31 20:00:00'),
       (24, 3, 1, '2024-07-31 01:00:00', '2024-07-31 04:00:00'),
       (25, 3, 1, '2024-07-31 11:00:00', '2024-07-31 13:00:00'),
       (26, 3, 1, '2024-08-02 21:00:00', '2024-08-03 00:00:00'),
       (27, 3, 1, '2024-07-29 11:00:00', '2024-07-29 14:00:00'),
       (28, 3, 1, '2024-07-30 05:00:00', '2024-07-30 07:00:00'),
       (29, 3, 1, '2024-07-30 02:00:00', '2024-07-30 05:00:00'),
       (30, 3, 1, '2024-08-01 23:00:00', '2024-08-02 02:00:00'),
       (31, 4, 1, '2024-08-03 10:00:00', '2024-08-03 11:00:00'),
       (32, 4, 1, '2024-07-30 10:00:00', '2024-07-30 12:00:00'),
       (33, 4, 1, '2024-07-31 04:00:00', '2024-07-31 07:00:00'),
       (34, 4, 1, '2024-08-02 14:00:00', '2024-08-02 17:00:00'),
       (35, 4, 1, '2024-07-30 13:00:00', '2024-07-30 15:00:00'),
       (36, 4, 1, '2024-07-29 10:00:00', '2024-07-29 12:00:00'),
       (37, 4, 1, '2024-07-29 11:00:00', '2024-07-29 13:00:00'),
       (38, 4, 1, '2024-08-02 15:00:00', '2024-08-02 18:00:00'),
       (39, 4, 1, '2024-08-01 00:00:00', '2024-08-01 02:00:00'),
       (40, 4, 1, '2024-08-03 08:00:00', '2024-08-03 09:00:00'),
       (41, 5, 1, '2024-07-31 07:00:00', '2024-07-31 10:00:00'),
       (42, 5, 1, '2024-07-30 14:00:00', '2024-07-30 17:00:00'),
       (43, 5, 1, '2024-08-01 10:00:00', '2024-08-01 13:00:00'),
       (44, 5, 1, '2024-08-01 03:00:00', '2024-08-01 04:00:00'),
       (45, 5, 1, '2024-08-02 15:00:00', '2024-08-02 17:00:00'),
       (46, 5, 1, '2024-08-03 17:00:00', '2024-08-03 20:00:00'),
       (47, 5, 1, '2024-07-29 22:00:00', '2024-07-30 00:00:00'),
       (48, 5, 1, '2024-07-31 12:00:00', '2024-07-31 15:00:00'),
       (49, 5, 1, '2024-08-01 06:00:00', '2024-08-01 09:00:00'),
       (50, 5, 1, '2024-08-01 07:00:00', '2024-08-01 08:00:00'),
       (51, 6, 1, '2024-08-01 17:00:00', '2024-08-01 18:00:00'),
       (52, 6, 1, '2024-08-02 17:00:00', '2024-08-02 20:00:00'),
       (53, 6, 1, '2024-07-31 18:00:00', '2024-07-31 20:00:00'),
       (54, 6, 1, '2024-08-02 06:00:00', '2024-08-02 07:00:00'),
       (55, 6, 1, '2024-07-31 04:00:00', '2024-07-31 07:00:00'),
       (56, 6, 1, '2024-07-31 16:00:00', '2024-07-31 18:00:00'),
       (57, 6, 1, '2024-07-30 20:00:00', '2024-07-30 23:00:00'),
       (58, 6, 1, '2024-08-02 18:00:00', '2024-08-02 19:00:00'),
       (59, 6, 1, '2024-07-31 06:00:00', '2024-07-31 08:00:00'),
       (60, 6, 1, '2024-08-02 08:00:00', '2024-08-02 09:00:00'),
       (61, 7, 1, '2024-07-30 15:00:00', '2024-07-30 16:00:00'),
       (62, 7, 1, '2024-08-01 13:00:00', '2024-08-01 16:00:00'),
       (63, 7, 1, '2024-08-02 19:00:00', '2024-08-02 22:00:00'),
       (64, 7, 1, '2024-08-03 13:00:00', '2024-08-03 14:00:00'),
       (65, 7, 1, '2024-07-31 00:00:00', '2024-07-31 02:00:00'),
       (66, 7, 1, '2024-07-29 09:00:00', '2024-07-29 11:00:00'),
       (67, 7, 1, '2024-07-30 07:00:00', '2024-07-30 09:00:00'),
       (68, 7, 1, '2024-08-01 17:00:00', '2024-08-01 18:00:00'),
       (69, 7, 1, '2024-08-02 16:00:00', '2024-08-02 18:00:00'),
       (70, 7, 1, '2024-07-30 17:00:00', '2024-07-30 20:00:00'),
       (71, 8, 1, '2024-07-31 05:00:00', '2024-07-31 06:00:00'),
       (72, 8, 1, '2024-08-01 00:00:00', '2024-08-01 02:00:00'),
       (73, 8, 1, '2024-07-30 01:00:00', '2024-07-30 02:00:00'),
       (74, 8, 1, '2024-08-03 03:00:00', '2024-08-03 05:00:00'),
       (75, 8, 1, '2024-08-01 23:00:00', '2024-08-02 02:00:00'),
       (76, 8, 1, '2024-08-03 10:00:00', '2024-08-03 12:00:00'),
       (77, 8, 1, '2024-07-30 13:00:00', '2024-07-30 15:00:00'),
       (78, 8, 1, '2024-08-02 14:00:00', '2024-08-02 15:00:00'),
       (79, 8, 1, '2024-07-30 10:00:00', '2024-07-30 11:00:00'),
       (80, 8, 1, '2024-08-02 04:00:00', '2024-08-02 06:00:00'),
       (81, 9, 1, '2024-07-29 13:00:00', '2024-07-29 15:00:00'),
       (82, 9, 1, '2024-07-31 15:00:00', '2024-07-31 17:00:00'),
       (83, 9, 1, '2024-08-01 09:00:00', '2024-08-01 10:00:00'),
       (84, 9, 1, '2024-08-02 22:00:00', '2024-08-03 01:00:00'),
       (85, 9, 1, '2024-08-01 06:00:00', '2024-08-01 07:00:00'),
       (86, 9, 1, '2024-07-29 00:00:00', '2024-07-29 01:00:00'),
       (87, 9, 1, '2024-07-29 12:00:00', '2024-07-29 14:00:00'),
       (88, 9, 1, '2024-08-01 14:00:00', '2024-08-01 17:00:00'),
       (89, 9, 1, '2024-08-02 01:00:00', '2024-08-02 04:00:00'),
       (90, 9, 1, '2024-07-31 16:00:00', '2024-07-31 17:00:00'),
       (91, 10, 1, '2024-07-31 10:00:00', '2024-07-31 12:00:00'),
       (92, 10, 1, '2024-08-02 03:00:00', '2024-08-02 06:00:00'),
       (93, 10, 1, '2024-08-01 04:00:00', '2024-08-01 06:00:00'),
       (94, 10, 1, '2024-08-03 04:00:00', '2024-08-03 07:00:00'),
       (95, 10, 1, '2024-08-02 01:00:00', '2024-08-02 04:00:00'),
       (96, 10, 1, '2024-07-29 09:00:00', '2024-07-29 12:00:00'),
       (97, 10, 1, '2024-07-30 02:00:00', '2024-07-30 03:00:00'),
       (98, 10, 1, '2024-08-02 23:00:00', '2024-08-03 02:00:00'),
       (99, 10, 1, '2024-08-03 16:00:00', '2024-08-03 19:00:00'),
       (100, 10, 1, '2024-08-01 12:00:00', '2024-08-01 15:00:00'),
       (101, 11, 1, '2024-08-01 16:00:00', '2024-08-01 18:00:00'),
       (102, 11, 1, '2024-07-31 16:00:00', '2024-07-31 19:00:00'),
       (103, 11, 1, '2024-08-03 15:00:00', '2024-08-03 16:00:00'),
       (104, 11, 1, '2024-08-03 06:00:00', '2024-08-03 09:00:00'),
       (105, 11, 1, '2024-07-30 07:00:00', '2024-07-30 08:00:00'),
       (106, 11, 1, '2024-07-30 03:00:00', '2024-07-30 05:00:00'),
       (107, 11, 1, '2024-08-02 09:00:00', '2024-08-02 10:00:00'),
       (108, 11, 1, '2024-07-29 17:00:00', '2024-07-29 20:00:00'),
       (109, 11, 1, '2024-08-02 12:00:00', '2024-08-02 13:00:00'),
       (110, 11, 1, '2024-07-30 10:00:00', '2024-07-30 11:00:00'),
       (111, 12, 1, '2024-08-02 14:00:00', '2024-08-02 17:00:00'),
       (112, 12, 1, '2024-07-31 17:00:00', '2024-07-31 19:00:00'),
       (113, 12, 1, '2024-08-02 16:00:00', '2024-08-02 18:00:00'),
       (114, 12, 1, '2024-08-02 13:00:00', '2024-08-02 16:00:00'),
       (115, 12, 1, '2024-07-31 00:00:00', '2024-07-31 03:00:00'),
       (116, 12, 1, '2024-08-01 07:00:00', '2024-08-01 08:00:00'),
       (117, 12, 1, '2024-07-31 22:00:00', '2024-08-01 00:00:00'),
       (118, 12, 1, '2024-07-31 04:00:00', '2024-07-31 07:00:00'),
       (119, 12, 1, '2024-07-31 13:00:00', '2024-07-31 15:00:00'),
       (120, 12, 1, '2024-08-03 17:00:00', '2024-08-03 20:00:00'),
       (121, 1, 2, '2024-08-01 13:00:00', '2024-08-01 14:00:00'),
       (122, 1, 2, '2024-08-02 01:00:00', '2024-08-02 04:00:00'),
       (123, 1, 2, '2024-07-31 01:00:00', '2024-07-31 03:00:00'),
       (124, 1, 2, '2024-08-02 10:00:00', '2024-08-02 13:00:00'),
       (125, 1, 2, '2024-07-31 10:00:00', '2024-07-31 13:00:00'),
       (126, 1, 2, '2024-08-01 22:00:00', '2024-08-02 01:00:00'),
       (127, 1, 2, '2024-08-02 14:00:00', '2024-08-02 16:00:00'),
       (128, 1, 2, '2024-08-02 00:00:00', '2024-08-02 03:00:00'),
       (129, 1, 2, '2024-08-01 18:00:00', '2024-08-01 20:00:00'),
       (130, 1, 2, '2024-08-03 18:00:00', '2024-08-03 21:00:00'),
       (131, 2, 2, '2024-07-31 10:00:00', '2024-07-31 12:00:00'),
       (132, 2, 2, '2024-08-04 12:00:00', '2024-08-04 13:00:00'),
       (133, 2, 2, '2024-08-02 00:00:00', '2024-08-02 02:00:00'),
       (134, 2, 2, '2024-08-02 09:00:00', '2024-08-02 11:00:00'),
       (135, 2, 2, '2024-08-02 18:00:00', '2024-08-02 20:00:00'),
       (136, 2, 2, '2024-07-31 15:00:00', '2024-07-31 18:00:00'),
       (137, 2, 2, '2024-08-02 10:00:00', '2024-08-02 12:00:00'),
       (138, 2, 2, '2024-07-31 08:00:00', '2024-07-31 11:00:00'),
       (139, 2, 2, '2024-08-02 17:00:00', '2024-08-02 19:00:00'),
       (140, 2, 2, '2024-08-01 02:00:00', '2024-08-01 04:00:00'),
       (141, 3, 2, '2024-08-01 09:00:00', '2024-08-01 10:00:00'),
       (142, 3, 2, '2024-08-01 14:00:00', '2024-08-01 17:00:00'),
       (143, 3, 2, '2024-08-02 19:00:00', '2024-08-02 20:00:00'),
       (144, 3, 2, '2024-08-04 01:00:00', '2024-08-04 04:00:00'),
       (145, 3, 2, '2024-08-02 05:00:00', '2024-08-02 08:00:00'),
       (146, 3, 2, '2024-07-31 21:00:00', '2024-07-31 22:00:00'),
       (147, 3, 2, '2024-08-01 21:00:00', '2024-08-01 23:00:00'),
       (148, 3, 2, '2024-08-02 21:00:00', '2024-08-03 00:00:00'),
       (149, 3, 2, '2024-08-03 05:00:00', '2024-08-03 07:00:00'),
       (150, 3, 2, '2024-07-31 01:00:00', '2024-07-31 02:00:00'),
       (151, 4, 2, '2024-08-01 19:00:00', '2024-08-01 22:00:00'),
       (152, 4, 2, '2024-08-03 19:00:00', '2024-08-03 22:00:00'),
       (153, 4, 2, '2024-08-01 14:00:00', '2024-08-01 17:00:00'),
       (154, 4, 2, '2024-07-31 15:00:00', '2024-07-31 16:00:00'),
       (155, 4, 2, '2024-08-03 05:00:00', '2024-08-03 07:00:00'),
       (156, 4, 2, '2024-07-31 19:00:00', '2024-07-31 22:00:00'),
       (157, 4, 2, '2024-07-31 22:00:00', '2024-07-31 23:00:00'),
       (158, 4, 2, '2024-07-31 09:00:00', '2024-07-31 10:00:00'),
       (159, 4, 2, '2024-08-04 06:00:00', '2024-08-04 07:00:00'),
       (160, 4, 2, '2024-08-02 22:00:00', '2024-08-02 23:00:00'),
       (161, 5, 2, '2024-08-01 20:00:00', '2024-08-01 21:00:00'),
       (162, 5, 2, '2024-08-03 23:00:00', '2024-08-04 01:00:00'),
       (163, 5, 2, '2024-08-03 14:00:00', '2024-08-03 16:00:00'),
       (164, 5, 2, '2024-08-02 15:00:00', '2024-08-02 17:00:00'),
       (165, 5, 2, '2024-08-02 20:00:00', '2024-08-02 23:00:00'),
       (166, 5, 2, '2024-07-31 12:00:00', '2024-07-31 14:00:00'),
       (167, 5, 2, '2024-08-04 09:00:00', '2024-08-04 11:00:00'),
       (168, 5, 2, '2024-08-04 02:00:00', '2024-08-04 04:00:00'),
       (169, 5, 2, '2024-08-03 06:00:00', '2024-08-03 08:00:00'),
       (170, 5, 2, '2024-07-31 07:00:00', '2024-07-31 08:00:00'),
       (171, 6, 2, '2024-08-01 14:00:00', '2024-08-01 15:00:00'),
       (172, 6, 2, '2024-08-02 12:00:00', '2024-08-02 14:00:00'),
       (173, 6, 2, '2024-08-03 20:00:00', '2024-08-03 23:00:00'),
       (174, 6, 2, '2024-07-31 16:00:00', '2024-07-31 17:00:00'),
       (175, 6, 2, '2024-08-03 11:00:00', '2024-08-03 13:00:00'),
       (176, 6, 2, '2024-07-31 03:00:00', '2024-07-31 06:00:00'),
       (177, 6, 2, '2024-08-01 05:00:00', '2024-08-01 07:00:00'),
       (178, 6, 2, '2024-08-01 17:00:00', '2024-08-01 20:00:00'),
       (179, 6, 2, '2024-08-01 22:00:00', '2024-08-01 23:00:00'),
       (180, 6, 2, '2024-08-01 10:00:00', '2024-08-01 12:00:00'),
       (181, 7, 2, '2024-07-31 00:00:00', '2024-07-31 01:00:00'),
       (182, 7, 2, '2024-08-01 23:00:00', '2024-08-02 00:00:00'),
       (183, 7, 2, '2024-08-02 17:00:00', '2024-08-02 18:00:00'),
       (184, 7, 2, '2024-08-03 18:00:00', '2024-08-03 21:00:00'),
       (185, 7, 2, '2024-08-02 11:00:00', '2024-08-02 13:00:00'),
       (186, 7, 2, '2024-08-02 16:00:00', '2024-08-02 19:00:00'),
       (187, 7, 2, '2024-08-04 04:00:00', '2024-08-04 06:00:00'),
       (188, 7, 2, '2024-07-31 11:00:00', '2024-07-31 14:00:00'),
       (189, 7, 2, '2024-08-01 03:00:00', '2024-08-01 05:00:00'),
       (190, 7, 2, '2024-08-02 06:00:00', '2024-08-02 09:00:00'),
       (191, 8, 2, '2024-08-02 21:00:00', '2024-08-03 00:00:00'),
       (192, 8, 2, '2024-08-04 15:00:00', '2024-08-04 18:00:00'),
       (193, 8, 2, '2024-08-02 00:00:00', '2024-08-02 02:00:00'),
       (194, 8, 2, '2024-08-01 08:00:00', '2024-08-01 10:00:00'),
       (195, 8, 2, '2024-08-01 06:00:00', '2024-08-01 07:00:00'),
       (196, 8, 2, '2024-08-01 19:00:00', '2024-08-01 22:00:00'),
       (197, 8, 2, '2024-08-02 19:00:00', '2024-08-02 21:00:00'),
       (198, 8, 2, '2024-08-02 10:00:00', '2024-08-02 12:00:00'),
       (199, 8, 2, '2024-08-01 00:00:00', '2024-08-01 02:00:00'),
       (200, 8, 2, '2024-08-02 15:00:00', '2024-08-02 17:00:00'),
       (201, 9, 2, '2024-07-31 15:00:00', '2024-07-31 17:00:00'),
       (202, 9, 2, '2024-08-03 17:00:00', '2024-08-03 20:00:00'),
       (203, 9, 2, '2024-08-04 14:00:00', '2024-08-04 15:00:00'),
       (204, 9, 2, '2024-08-04 01:00:00', '2024-08-04 04:00:00'),
       (205, 9, 2, '2024-07-31 11:00:00', '2024-07-31 13:00:00'),
       (206, 9, 2, '2024-08-02 08:00:00', '2024-08-02 09:00:00'),
       (207, 9, 2, '2024-07-31 14:00:00', '2024-07-31 17:00:00'),
       (208, 9, 2, '2024-07-31 10:00:00', '2024-07-31 12:00:00'),
       (209, 9, 2, '2024-08-02 23:00:00', '2024-08-03 02:00:00'),
       (210, 9, 2, '2024-08-02 13:00:00', '2024-08-02 16:00:00'),
       (211, 10, 2, '2024-08-01 22:00:00', '2024-08-02 01:00:00'),
       (212, 10, 2, '2024-08-03 14:00:00', '2024-08-03 17:00:00'),
       (213, 10, 2, '2024-07-31 22:00:00', '2024-08-01 01:00:00'),
       (214, 10, 2, '2024-07-31 11:00:00', '2024-07-31 14:00:00'),
       (215, 10, 2, '2024-07-31 23:00:00', '2024-08-01 02:00:00'),
       (216, 10, 2, '2024-08-03 20:00:00', '2024-08-03 21:00:00'),
       (217, 10, 2, '2024-08-04 04:00:00', '2024-08-04 06:00:00'),
       (218, 10, 2, '2024-07-31 05:00:00', '2024-07-31 08:00:00'),
       (219, 10, 2, '2024-08-01 12:00:00', '2024-08-01 14:00:00'),
       (220, 10, 2, '2024-08-01 18:00:00', '2024-08-01 20:00:00'),
       (221, 11, 2, '2024-08-04 20:00:00', '2024-08-04 22:00:00'),
       (222, 11, 2, '2024-08-01 01:00:00', '2024-08-01 02:00:00'),
       (223, 11, 2, '2024-08-01 17:00:00', '2024-08-01 18:00:00'),
       (224, 11, 2, '2024-08-03 00:00:00', '2024-08-03 02:00:00'),
       (225, 11, 2, '2024-08-01 20:00:00', '2024-08-01 23:00:00'),
       (226, 11, 2, '2024-08-02 20:00:00', '2024-08-02 21:00:00'),
       (227, 11, 2, '2024-08-02 09:00:00', '2024-08-02 10:00:00'),
       (228, 11, 2, '2024-08-04 14:00:00', '2024-08-04 17:00:00'),
       (229, 11, 2, '2024-08-01 09:00:00', '2024-08-01 12:00:00'),
       (230, 11, 2, '2024-08-04 17:00:00', '2024-08-04 20:00:00'),
       (231, 12, 2, '2024-08-02 09:00:00', '2024-08-02 12:00:00'),
       (232, 12, 2, '2024-08-03 01:00:00', '2024-08-03 03:00:00'),
       (233, 12, 2, '2024-08-01 14:00:00', '2024-08-01 17:00:00'),
       (234, 12, 2, '2024-08-02 19:00:00', '2024-08-02 22:00:00'),
       (235, 12, 2, '2024-08-04 04:00:00', '2024-08-04 05:00:00'),
       (236, 12, 2, '2024-08-04 06:00:00', '2024-08-04 07:00:00'),
       (237, 12, 2, '2024-08-03 16:00:00', '2024-08-03 18:00:00'),
       (238, 12, 2, '2024-08-01 19:00:00', '2024-08-01 20:00:00'),
       (239, 12, 2, '2024-08-01 07:00:00', '2024-08-01 09:00:00'),
       (240, 12, 2, '2024-08-03 17:00:00', '2024-08-03 18:00:00'),
       (241, 1, 3, '2024-08-31 19:00:00', '2024-08-31 20:00:00'),
       (242, 1, 3, '2024-08-28 21:00:00', '2024-08-28 22:00:00'),
       (243, 1, 3, '2024-08-29 11:00:00', '2024-08-29 12:00:00'),
       (244, 1, 3, '2024-09-01 04:00:00', '2024-09-01 07:00:00'),
       (245, 1, 3, '2024-08-31 09:00:00', '2024-08-31 12:00:00'),
       (246, 1, 3, '2024-09-01 01:00:00', '2024-09-01 04:00:00'),
       (247, 1, 3, '2024-08-28 22:00:00', '2024-08-29 00:00:00'),
       (248, 1, 3, '2024-09-01 06:00:00', '2024-09-01 09:00:00'),
       (249, 1, 3, '2024-09-01 09:00:00', '2024-09-01 12:00:00'),
       (250, 1, 3, '2024-09-01 10:00:00', '2024-09-01 11:00:00'),
       (251, 2, 3, '2024-08-31 23:00:00', '2024-09-01 00:00:00'),
       (252, 2, 3, '2024-08-31 19:00:00', '2024-08-31 21:00:00'),
       (253, 2, 3, '2024-08-28 16:00:00', '2024-08-28 17:00:00'),
       (254, 2, 3, '2024-08-29 07:00:00', '2024-08-29 08:00:00'),
       (255, 2, 3, '2024-09-01 20:00:00', '2024-09-01 22:00:00'),
       (256, 2, 3, '2024-08-31 03:00:00', '2024-08-31 05:00:00'),
       (257, 2, 3, '2024-08-30 06:00:00', '2024-08-30 08:00:00'),
       (258, 2, 3, '2024-08-29 05:00:00', '2024-08-29 08:00:00'),
       (259, 2, 3, '2024-08-30 17:00:00', '2024-08-30 18:00:00'),
       (260, 2, 3, '2024-09-01 12:00:00', '2024-09-01 15:00:00'),
       (261, 3, 3, '2024-09-01 11:00:00', '2024-09-01 12:00:00'),
       (262, 3, 3, '2024-08-31 13:00:00', '2024-08-31 15:00:00'),
       (263, 3, 3, '2024-09-01 22:00:00', '2024-09-01 23:00:00'),
       (264, 3, 3, '2024-08-30 16:00:00', '2024-08-30 17:00:00'),
       (265, 3, 3, '2024-08-29 22:00:00', '2024-08-29 23:00:00'),
       (266, 3, 3, '2024-09-01 19:00:00', '2024-09-01 22:00:00'),
       (267, 3, 3, '2024-09-01 14:00:00', '2024-09-01 15:00:00'),
       (268, 3, 3, '2024-08-31 05:00:00', '2024-08-31 06:00:00'),
       (269, 3, 3, '2024-08-30 04:00:00', '2024-08-30 05:00:00'),
       (270, 3, 3, '2024-08-31 12:00:00', '2024-08-31 15:00:00'),
       (271, 4, 3, '2024-08-29 17:00:00', '2024-08-29 20:00:00'),
       (272, 4, 3, '2024-08-28 22:00:00', '2024-08-28 23:00:00'),
       (273, 4, 3, '2024-08-30 04:00:00', '2024-08-30 06:00:00'),
       (274, 4, 3, '2024-08-29 08:00:00', '2024-08-29 10:00:00'),
       (275, 4, 3, '2024-08-29 13:00:00', '2024-08-29 15:00:00'),
       (276, 4, 3, '2024-08-31 23:00:00', '2024-09-01 01:00:00'),
       (277, 4, 3, '2024-08-30 17:00:00', '2024-08-30 19:00:00'),
       (278, 4, 3, '2024-08-30 13:00:00', '2024-08-30 14:00:00'),
       (279, 4, 3, '2024-08-28 18:00:00', '2024-08-28 20:00:00'),
       (280, 4, 3, '2024-08-31 12:00:00', '2024-08-31 13:00:00'),
       (281, 5, 3, '2024-08-29 03:00:00', '2024-08-29 04:00:00'),
       (282, 5, 3, '2024-08-31 12:00:00', '2024-08-31 13:00:00'),
       (283, 5, 3, '2024-08-29 21:00:00', '2024-08-30 00:00:00'),
       (284, 5, 3, '2024-09-01 18:00:00', '2024-09-01 20:00:00'),
       (285, 5, 3, '2024-08-28 14:00:00', '2024-08-28 15:00:00'),
       (286, 5, 3, '2024-08-29 12:00:00', '2024-08-29 15:00:00'),
       (287, 5, 3, '2024-08-28 13:00:00', '2024-08-28 14:00:00'),
       (288, 5, 3, '2024-08-29 15:00:00', '2024-08-29 17:00:00'),
       (289, 5, 3, '2024-08-31 13:00:00', '2024-08-31 16:00:00'),
       (290, 5, 3, '2024-08-31 06:00:00', '2024-08-31 07:00:00'),
       (291, 6, 3, '2024-08-30 10:00:00', '2024-08-30 12:00:00'),
       (292, 6, 3, '2024-08-31 11:00:00', '2024-08-31 12:00:00'),
       (293, 6, 3, '2024-08-31 05:00:00', '2024-08-31 08:00:00'),
       (294, 6, 3, '2024-08-30 22:00:00', '2024-08-31 01:00:00'),
       (295, 6, 3, '2024-09-01 01:00:00', '2024-09-01 04:00:00'),
       (296, 6, 3, '2024-08-29 01:00:00', '2024-08-29 04:00:00'),
       (297, 6, 3, '2024-08-29 16:00:00', '2024-08-29 18:00:00'),
       (298, 6, 3, '2024-09-01 13:00:00', '2024-09-01 16:00:00'),
       (299, 6, 3, '2024-08-31 17:00:00', '2024-08-31 20:00:00'),
       (300, 6, 3, '2024-08-30 01:00:00', '2024-08-30 02:00:00'),
       (301, 7, 3, '2024-08-28 22:00:00', '2024-08-29 00:00:00'),
       (302, 7, 3, '2024-09-01 05:00:00', '2024-09-01 08:00:00'),
       (303, 7, 3, '2024-08-31 18:00:00', '2024-08-31 19:00:00'),
       (304, 7, 3, '2024-08-29 11:00:00', '2024-08-29 14:00:00'),
       (305, 7, 3, '2024-08-31 07:00:00', '2024-08-31 09:00:00'),
       (306, 7, 3, '2024-09-01 14:00:00', '2024-09-01 17:00:00'),
       (307, 7, 3, '2024-08-30 21:00:00', '2024-08-30 22:00:00'),
       (308, 7, 3, '2024-09-01 19:00:00', '2024-09-01 21:00:00'),
       (309, 7, 3, '2024-08-31 06:00:00', '2024-08-31 08:00:00'),
       (310, 7, 3, '2024-08-31 13:00:00', '2024-08-31 16:00:00'),
       (311, 8, 3, '2024-08-30 05:00:00', '2024-08-30 06:00:00'),
       (312, 8, 3, '2024-08-29 00:00:00', '2024-08-29 03:00:00'),
       (313, 8, 3, '2024-09-01 04:00:00', '2024-09-01 06:00:00'),
       (314, 8, 3, '2024-08-30 10:00:00', '2024-08-30 12:00:00'),
       (315, 8, 3, '2024-09-01 02:00:00', '2024-09-01 05:00:00'),
       (316, 8, 3, '2024-08-29 09:00:00', '2024-08-29 12:00:00'),
       (317, 8, 3, '2024-08-31 10:00:00', '2024-08-31 13:00:00'),
       (318, 8, 3, '2024-08-30 17:00:00', '2024-08-30 19:00:00'),
       (319, 8, 3, '2024-08-31 03:00:00', '2024-08-31 06:00:00'),
       (320, 8, 3, '2024-08-31 16:00:00', '2024-08-31 18:00:00'),
       (321, 9, 3, '2024-08-28 12:00:00', '2024-08-28 15:00:00'),
       (322, 9, 3, '2024-09-01 08:00:00', '2024-09-01 11:00:00'),
       (323, 9, 3, '2024-08-28 17:00:00', '2024-08-28 19:00:00'),
       (324, 9, 3, '2024-08-30 01:00:00', '2024-08-30 02:00:00'),
       (325, 9, 3, '2024-08-28 16:00:00', '2024-08-28 18:00:00'),
       (326, 9, 3, '2024-08-31 17:00:00', '2024-08-31 20:00:00'),
       (327, 9, 3, '2024-08-28 22:00:00', '2024-08-29 01:00:00'),
       (328, 9, 3, '2024-08-30 07:00:00', '2024-08-30 08:00:00'),
       (329, 9, 3, '2024-08-31 13:00:00', '2024-08-31 16:00:00'),
       (330, 9, 3, '2024-08-30 00:00:00', '2024-08-30 01:00:00'),
       (331, 10, 3, '2024-08-29 11:00:00', '2024-08-29 14:00:00'),
       (332, 10, 3, '2024-08-28 23:00:00', '2024-08-29 02:00:00'),
       (333, 10, 3, '2024-08-29 02:00:00', '2024-08-29 04:00:00'),
       (334, 10, 3, '2024-08-30 16:00:00', '2024-08-30 19:00:00'),
       (335, 10, 3, '2024-08-28 13:00:00', '2024-08-28 14:00:00'),
       (336, 10, 3, '2024-08-30 18:00:00', '2024-08-30 21:00:00'),
       (337, 10, 3, '2024-08-31 18:00:00', '2024-08-31 19:00:00'),
       (338, 10, 3, '2024-08-29 05:00:00', '2024-08-29 07:00:00'),
       (339, 10, 3, '2024-08-31 03:00:00', '2024-08-31 04:00:00'),
       (340, 10, 3, '2024-08-31 05:00:00', '2024-08-31 08:00:00'),
       (341, 11, 3, '2024-08-29 10:00:00', '2024-08-29 12:00:00'),
       (342, 11, 3, '2024-08-30 12:00:00', '2024-08-30 14:00:00'),
       (343, 11, 3, '2024-08-31 03:00:00', '2024-08-31 06:00:00'),
       (344, 11, 3, '2024-08-28 21:00:00', '2024-08-28 22:00:00'),
       (345, 11, 3, '2024-08-30 10:00:00', '2024-08-30 13:00:00'),
       (346, 11, 3, '2024-08-30 00:00:00', '2024-08-30 02:00:00'),
       (347, 11, 3, '2024-08-30 13:00:00', '2024-08-30 16:00:00'),
       (348, 11, 3, '2024-08-31 12:00:00', '2024-08-31 15:00:00'),
       (349, 11, 3, '2024-08-30 15:00:00', '2024-08-30 18:00:00'),
       (350, 11, 3, '2024-09-01 20:00:00', '2024-09-01 23:00:00'),
       (351, 12, 3, '2024-08-30 00:00:00', '2024-08-30 03:00:00'),
       (352, 12, 3, '2024-08-30 06:00:00', '2024-08-30 09:00:00'),
       (353, 12, 3, '2024-08-30 03:00:00', '2024-08-30 04:00:00'),
       (354, 12, 3, '2024-08-30 15:00:00', '2024-08-30 16:00:00'),
       (355, 12, 3, '2024-08-31 10:00:00', '2024-08-31 11:00:00'),
       (356, 12, 3, '2024-08-28 17:00:00', '2024-08-28 19:00:00'),
       (357, 12, 3, '2024-08-29 05:00:00', '2024-08-29 08:00:00'),
       (358, 12, 3, '2024-08-31 04:00:00', '2024-08-31 06:00:00'),
       (359, 12, 3, '2024-09-01 05:00:00', '2024-09-01 07:00:00'),
       (360, 12, 3, '2024-08-29 16:00:00', '2024-08-29 19:00:00');
